{
  "tradingPairs": [
    "yrdwwJJqTKoCt63krHFVZxJvNbUPgHcDeuJXPEGsJCx",
    "Aze8nVXtkP7yoKkcZbpM8tY9HwqvSiWu8mxmPCs21ZC4",
    "HETgTyfn5grcHWGRKHi7p3hvMB4QxWVrPD8Fnfi9tfD9"
  ],
  "oracles": {
    "waves": "3MgT3txVhjUBy8xXBYSbBSezoJNTr1naHhp",
    "tokenomica": "3MgT3txVhjUBy8xXBYSbBSezoJNTr1naHhp"
  },
  "apiVersion": "v0",
  "code": "S",
  "bankRecipient": "3MgT3txVhjUBy8xXBYSbBSezoJNTr1naHhp",
  "node": "https://nodes-stagenet.wavesnodes.com",
  "matcher": "https://matcher-stagenet.wavesplatform.com/matcher",
  "api": "https://api-stagenet.wavesplatform.com",
  "explorer": "https://stagenet.wavesexplorer.com",
  "coinomat": "https://localhost:8080/coinomat",
  "wavesGateway": "https://gw-stagenet.wavesplatform.com/",
  "support": "https://support.wavesplatform.com",
  "termsAndConditions": "https://wavesplatform.com/files/docs/Waves_terms_and_conditions.pdf",
  "privacyPolicy": "https://wavesplatform.com/files/docs/Waves_privacy_policy.pdf",
  "nodeList": "http://dev.pywaves.org/testnet/generators/",
  "tokensNameListUrl": "https://raw.githubusercontent.com/wavesplatform/waves-community/master/Prominent%20token%20name%20list.csv",
  "scamListUrl": "https://raw.githubusercontent.com/wavesplatform/waves-community/master/Scam%20tokens%20according%20to%20the%20opinion%20of%20Waves%20Community.csv",
  "origin": "https://testnet.wavesplatform.com",
  "featuresConfigUrl": "https://raw.githubusercontent.com/wavesplatform/waves-client-config/master/testnet.config.json",
  "feeConfigUrl": "https://raw.githubusercontent.com/wavesplatform/waves-client-config/master/fee.json",
  "WESTNetworkByte": "S",
  "tokenrating": "https://dev.voting.wavesplatform.com",
  "assets": {
    "EUR": "EqZfxiqYKkByP42hqNsvuPdXxVYMHaQDwfKgFnAz5D1x",
    "USD": "HETgTyfn5grcHWGRKHi7p3hvMB4QxWVrPD8Fnfi9tfD9",
    "BTC": "yrdwwJJqTKoCt63krHFVZxJvNbUPgHcDeuJXPEGsJCx",
    "ETH": "Aze8nVXtkP7yoKkcZbpM8tY9HwqvSiWu8mxmPCs21ZC4",
    "LTC": "HFX6dpUHv9wWQKGa6wHi72WiEETndwvtsg1A2z8YSuzv",
    "ZEC": "6xDpHLLhgPq7RrsXACQNwhNkpWcKFAAujv91tRyveVyR",
    "BCH": "F9th5zKSTwtKaKEjf28A2Fj6Z6KMKoDX9jmZce6fsAhS",
    "BSV": "FQMtkHFF89SasPui9wHxM4r1mwTq7quj6WkB1vZDTRo2",
    "TRY": "2xiiermLh4rmr7iLiSCXyPAXrefMLDJRb6Nitn3K7MFo",
    "DASH": "5moNQ8zistquaAbCtPoJMd1zKQnMpkvkqghD2vYSsDy6",
    "EFYT": "8BNkw4U8sp2cUT1DLxP3BrzEqKjXaZ91G5t6VyrZHxKV",
    "WNET": "21xsghi8ASyz5RdCmGSpZFZ5A7f3se5bM5QrCzzMBmLs",
    "XMR": "DChAQFaggQJpyj1DWwfuuxLXoxeCs9R3kdaGfyHPn3PE",
    "WEST": "4TokpX1hU9YVS8ivZxpSJRWQssaGtYUprQgBXfipxmAZ",
    "ERGO": "ERCyLzH7vgqZQkQUsLBBqy3EHqHTxMqzKMe5z8hQR6uL",
    "WCT": "8AJ4g47qF7rVpYL1hi1FZaKWnQy5cxXsrpqiTgoy1SkZ",
    "BNT": "5oS1vs1x3pa6k9XrKuSoQHVs5zyQNakhHjXZAFUxYMS9"
  },
  "matcherPriorityList": [
    { "ticker": "WAVES", "id": "WAVES"},
    { "ticker": "BTC", "id": "yrdwwJJqTKoCt63krHFVZxJvNbUPgHcDeuJXPEGsJCx"},
    { "ticker": "USD", "id": "HETgTyfn5grcHWGRKHi7p3hvMB4QxWVrPD8Fnfi9tfD9"},
    { "ticker": "EUR", "id": "EqZfxiqYKkByP42hqNsvuPdXxVYMHaQDwfKgFnAz5D1x"},
    { "ticker": "CNY", "id": "8CfhN5MmaiAW1kCG5tDXasVTSafJP8cf6TZqbPRkNGxQ"}
  ]
}
